hosting,count
undefined,45526
"Zone (Zone Media OU AS49604)",34491
"Elkdata (Elkdata OU AS61189)",14552
"Radicenter (CITIC Telecom CPC Netherlands B.V. AS3327)",4196
"AMAZON-02 AS16509",3099
"Voog (Zone Media OU AS49604)",2361
"Telia Eesti AS AS3249",2265
"neti.ee (Telia Eesti AS AS3249)",2048
"Virtuaal.com OU AS205930",1717
"CLOUDFLARENET AS13335",1710
"Wavecom (Aktsiaselts WaveCom AS34702)",1708
"Wix.com Ltd. AS58182",1107
"UAB Rakrejus AS62282",1101
"Hetzner Online GmbH AS24940",1004
"UpCloud Ltd AS202053",706
"DIGITALOCEAN-ASN AS14061",691
"GOOGLE AS15169",656
"Compic OU AS39823",653
"OVH SAS AS16276",577
"CSC AS19574",529
"Shoproller (Zone Media OU AS49604)",448
"Elisa Eesti AS AS2586",378
"Avenir Telematique SAS AS24935",378
"Kernel AS AS39038",363
"Intermedia (Transip B.V. AS20857)",335
"Beehosting (CITIC Telecom CPC Netherlands B.V. AS3327)",306
"Information System Authority AS8240",293
"Team Internet AG AS61969",289
"SQUARESPACE AS53831",280
"Contabo GmbH AS51167",272
"AS INFONET AS8728",259
"Elitec (AS INFONET AS8728)",245
"UNIFIEDLAYER-AS-1 AS46606",244
"PROLEXIC-TECHNOLOGIES-DDOS-MITIGATION-NETWORK AS32787",243
"Hariduse Infotehnoloogia Sihtasutus AS3221",240
"WEEBLY AS27647",239
"MICROSOFT-CORP-MSN-AS-BLOCK AS8075",231
"INCAPSULA AS19551",223
"Hostinger International Limited AS47583",206
"DBweb (Telia Eesti AS AS3249)",200
"CITIC Telecom CPC Netherlands B.V. AS3327",199
"GANDI SAS AS29169",186
"Linode, LLC AS63949",177
"OU Web Hosting Solutions AS202759",173
"Web2 (Zone Media OU AS49604)",170
"P.a.g.m. Ou AS198068",167
"NSS (CITIC Telecom CPC Netherlands B.V. AS3327)",165
"FASTLY AS54113",164
"TELE2 AS1257",162
"AMAZON-AES AS14618",161
"DREAMHOST-AS AS26347",153
"Datacenter Luxembourg S.A. AS24611",151
"AUTOMATTIC AS2635",144
"Variti LLC AS64432",133
"Server Farm LLC AS202635",128
"NAMECHEAP-NET AS22612",122
"LeaseWeb Netherlands B.V. AS60781",114
"QSC AG AS15598",103
"InterNetX GmbH AS15456",97
"Webzilla B.V. AS35415",93
"Infonet Dc Oy AS205950",93
"Sia Nano IT AS43513",91
"Telia Lietuva, AB AS43811",89
"KEI.PL Sp. z o.o. AS29522",84
"SIA Digitalas Ekonomikas Attistibas Centrs AS12993",81
"Alibaba (US) Technology Co., Ltd. AS45102",77
"Host Europe GmbH AS21501",76
"AS STV AS61307",74
"TimeWeb Ltd. AS9123",74
"AS-CHOOPA AS20473",72
"Ekspress Grupp AS AS199328",72
"OU Interframe AS196743",71
"GleSYS AB AS43948",70
"Host Europe GmbH AS8972",70
"Beget LLC AS198610",69
"Data Invest sp. z o.o. S.K.A AS50599",67
"AS Postimees Grupp AS207254",65
"Nameshield SAS AS20756",62
"1&1 Ionos Se AS8560",62
"Edicy (Zone Media OU AS49604)",60
"Aktsiaselts WaveCom AS34702",57
"First Colo GmbH AS44066",56
"A2HOSTING AS55293",55
"HVC-AS AS29802",52
"Uus Programm AS204595",51
"Geenet OY AS203081",50
"Online S.a.s. AS12876",50
"Register S.p.A. AS39729",49
"UAB Cherry Servers AS16125",48
"OU cloud.ee AS61952",47
"SONICTEST Ltd. AS57873",47
"Domain names registrar REG.RU, Ltd AS197695",45
"VData Ltd AS13009",45
"Astrec Data OU AS201601",44
"Levira AS AS50794",44
"ITL LLC AS21100",43
"Transip B.V. AS20857",43
"SIA Tet AS12578",42
"SOFTLAYER AS36351",42
"Combell NV AS34762",40
"POWER LINE DATACENTER AS132839",40
"Elisa Teleteenused AS AS13272",39
"Garmtech Lp AS43108",39
"Robert Bosch Gesellschaft mit Beschraenkter Haftung AS9183",39
"Telecitygroup International Limited AS15830",38
"LEVEL3 AS3356",38
"Institute of Mathematics and Computer Science of University of Latvia AS5538",38
"Variti International GmbH AS42240",38
"Jsc ru-center AS48287",37
"Euronic Oy AS201964",37
"20i Limited AS48254",37
"Loginet Solutions LLC AS60415",35
"GOOGLE-PRIVATE-CLOUD AS396982",34
"ULTRADNS AS397213",34
"TIGGEE AS16552",33
"Rackspace Ltd. AS15395",31
"Telia Inmics-Nebula Oy AS29422",30
"Vodafone GmbH AS3209",29
"InterNetworX Management GmbH AS48596",29
"Ddos-guard Ltd AS57724",29
"SINGLEHOP-LLC AS32475",28
"CASABLANCA INT a.s. AS15685",28
"EPiServer AB AS30811",28
"GleSYS AB AS42708",27
"Binero AB AS35041",25
"JSC The First AS29182",24
"Telia Finland Oyj AS1759",24
"Elevi AS AS202652",23
"CNSERVERS AS40065",23
"ST-BGP AS46844",23
"BIZLAND-SD AS29873",22
"ASN-DIS AS393398",22
"Deutsche Telekom AG AS3320",22
"Unitary enterprise A1 AS205820",22
"H88 S.A. AS41079",22
"If P&C Insurance AS AS21147",22
"'ingenit GmbH & Co. KG' AS57376",22
"Estonian Public Broadcasting AS42012",22
"SIA Latnet AS2588",21
"IP-Only Networks AB AS12552",21
"SafeBrands S.A.S. AS34173",21
"NForce Entertainment B.V. AS43350",21
"Internet-Hosting Ltd AS203226",21
"Hosting Ukraine LTD AS200000",20
"NTHL AS11042",20
"Loopia AB AS39570",20
"IT and Development Center of Ministry of Interior, Estonia AS47736",20
"Hostnet B.V. AS197902",19
"IMH-WEST AS22611",19
"GITHUB AS36459",19
"AS-26496-GO-DADDY-COM-LLC AS26496",19
"Wildcard UK Limited AS34119",19
"JSC RTComm.RU AS8342",19
"Paragon Internet Group Limited AS198047",19
"Nazwa.pl Sp.z.o.o. AS15967",19
"PCextreme B.V. AS48635",19
"TSG Interactive Services Limited AS43338",18
"OOO Network of data-centers Selectel AS50340",18
"Tencent Building, Kejizhongyi Avenue AS132203",18
"UAB Baltnetos komunikacijos AS15440",18
"Planeetta Internet Oy AS58003",17
"ZONER software, a.s AS34222",17
"TelemaxX Telekommunikation GmbH AS12843",16
"Valtti Kumppanit Oy AS41369",16
"SuperNetwork s.r.o. AS39392",16
"Nordisk Media Utveckling AB AS204074",16
"MPY Telecom Oyj AS34263",15
"VNET a.s. AS29405",15
"Websupport s.r.o. AS51013",15
"SERVERCENTRAL AS23352",15
"OOO Network of data-centers Selectel AS49505",15
"mono solutions ApS AS201595",15
"AS Citadele banka AS16279",14
"BODIS-NJ AS395082",14
"home.pl S.A. AS12824",14
"HIGHWINDS3 AS20446",14
"SuperHosting.BG Ltd. AS201200",14
"HWSERVICES-32400 AS32400",14
"23media GmbH AS47447",13
"VSHosting s.r.o. AS43541",13
"Sprinthost.ru LLC AS35278",13
"Foundation Eesti Interneti Sihtasutus AS51349",13
"LIQUIDWEB AS32244",13
"NYINTERNET AS11403",13
"VAS Latvijas Valsts radio un televizijas centrs AS8194",13
"Zitcom A/S AS48854",13
"DNA Oyj AS16086",13
"Hangzhou Alibaba Advertising Co.,Ltd. AS37963",12
"CSC Administrative Services Limited AS34922",12
"Zetta Hosting Solutions LLC. AS44476",12
"Admax AB AS39806",12
"PONYNET AS53667",12
"Aruba S.p.A. AS31034",12
"DYNDNS AS33517",12
"Ilait AB AS61207",12
"Hostpoint AG AS29097",12
"Strato AG AS6724",12
"PlusServer GmbH AS61157",12
"MMD Networks Oy AS29243",12
"Mittwald CM Service GmbH & Co. KG AS15817",12
"ASMALLORANGE1 AS62729",12
"PRIVATESYSTEMS AS63410",12
"Domeneshop AS AS12996",11
"M247 Ltd AS9009",11
"Neue Medien Muennich GmbH AS34788",11
"Iomart Cloud Services Limited AS20860",11
"ATLANTIC-NET-1 AS6364",11
"Ou Northside Solutions AS200804",11
"Ficolo Oy AS49282",11
"MEDIATEMPLE AS31815",11
"Telia Latvija SIA AS5518",11
"Arvid Logicum OU AS202376",11
"IS-AS-1 AS19318",11
"HLL LLC AS197068",10
"Dimension Network & Communication Limited AS59371",10
"InterNetWire Communications GmbH AS13246",10
"LF.net Netzwerksysteme GmbH AS12374",10
"Sentia Denmark A/S AS16095",10
"UUNET AS702",10
"BGPNET Global ASN AS64050",10
"T-Mobile Czech Republic a.s. AS5588",10
"Telia Company AB AS3301",10
"AS-COLOCROSSING AS36352",10
"BROADBANDONE AS13645",10
"AKAMAI-AS AS16625",10
"ODERLAND Webbhotell AB AS44136",9
"AS Tallink Grupp AS43958",9
"METANET AG AS21069",9
"Delticom Ag AS57533",9
"Telefonica De Espana AS3352",9
"MissDomain Group AB AS200719",9
"CloudHosting SIA AS58269",9
"Republican Unitary Telecommunication Enterprise Beltelecom AS6697",9
"Serveriai verslui, UAB AS201400",9
"Bluewin AS3303",9
"Ltd Hostpro Lab AS196645",9
"Mandala Internet EDV Service GmbH AS12460",9
"Leaseweb Deutschland GmbH AS28753",9
"Master Internet s.r.o. AS24971",9
"inexio Informationstechnologie und Telekommunikation Gmbh AS42652",9
"EPAG Domainservices GmbH AS12915",9
"Compubyte Limited AS204343",9
"Nordea Bank Abp AS201271",9
"Host Europe GmbH AS34011",8
"NEXCESS-NET AS36444",8
"ACTIVE 24, s.r.o. AS25234",8
"myLoc managed IT AG AS24961",8
"Easylinehost Finland Oy AS29132",8
"RouteLabel V.O.F. AS198203",8
"ScaleUp Technologies GmbH & Co. KG AS29014",8
"Serverius Holding B.V. AS50673",8
"Advailo SIA AS202428",8
"Namesco Limited AS8622",8
"World4You Internet Services GmbH AS38955",8
"Levikom Eesti OU AS201321",8
"netcup GmbH AS197540",8
"Oy Capnova Ltd AS35382",8
"SpaceWeb Ltd AS44112",8
"DXTL Tseung Kwan O Service AS134548",8
"Internet Vikings International AB AS51747",8
"ATM S.A. AS57367",8
"Soluciones Corporativas IP, SL AS57910",8
"Booking.com BV AS43996",8
"Trellian Pty. Limited AS133618",8
"Larsen Data ApS AS197495",7
"THEROCKETSCIENCEGROUP AS14782",7
"Cloudie Limited AS55933",7
"Alpha Domein Development LTD AS203193",7
"cyon GmbH AS47302",7
"Webhost LLC AS44094",7
"Web Wiz Ltd AS203315",7
"Fotigo.pl Sp. z o.o. AS31229",7
"Xirra GmbH AS51191",7
"Sun Network (Hong Kong) Limited - HongKong Backbone AS38197",7
"SERVERS-COM AS7979",7
"Mediam Oy AS39324",7
"UAB Biuro sprendimu tinklas AS43463",7
"INMOTI-1 AS54641",7
"Belcloud LTD AS44901",7
"CSC Telecom Estonia AS207872",7
"HOSTHATCH AS63473",7
"UCloud (HK) Holdings Group Limited AS135377",7
"Hosting technology LTD AS48282",7
"Signet B.V. AS35470",7
"Telia Lietuva, AB AS8764",7
"IHNetworks, LLC AS62134",7
"Telenet SIA AS24589",7
"Informacines sistemos ir technologijos, UAB AS61272",7
"Akamai International B.V. AS20940",7
"Internet Invest Ltd. AS28907",7
"UAB Bite Lietuva AS13194",6
"Magyar Telekom plc. AS5483",6
"Datasource AG AS51395",6
"EDGECAST AS15133",6
"UK-2 Limited AS13213",6
"Planeetta Internet Oy AS48403",6
"Telset ltd AS51504",6
"Inter Cars S.A. AS31431",6
"Phoenix Nap, LLC. AS60558",6
"Elisa Oyj AS719",6
"STEADFAST AS32748",6
"Castlake Company Lp AS199103",6
"Massivegrid Ltd AS49683",6
"VPSQUAN AS62468",6
"dhosting.pl Sp. z o.o. AS48896",6
"Ambientia Group Oy AS42977",6
"State Infocommunication Foundation AS206844",6
"Digital Energy Technologies Ltd. AS61317",6
"noris network AG AS8222",6
"ORANGE BUSINESS SERVICES U.S. Inc. AS51964",6
"AB DNB bankas AS24984",6
"Hostland LTD AS62082",5
"COGECO-PEER1 AS13768",5
"Stichting DIGI NL AS206281",5
"Tilaa B.V. AS196752",5
"CROCWEB AS63068",5
"Tele Danmark AS3292",5
"West263 International Limited AS139021",5
"WZCOM AS40824",5
"Host Europe GmbH AS29486",5
"Iptron.net Ou AS12757",5
"Latvenergo AS29600",5
"ASN-VINS AS13649",5
"ALCHEMYNET AS7296",5
"Media Partners Sia AS199558",5
"Zitcom A/S AS207199",5
"Scalaxy B.V. AS58061",5
"Swedbank AS AS3332",5
"Online Solutions Oy AS34541",5
"Krystal Hosting Ltd AS12488",5
"Yelles AB AS206170",5
"Salva Kindlustuse AS AS197517",5
"dogado GmbH AS45012",5
"IT7NET AS25820",5
"GMO Internet,Inc AS7506",5
"SIA Datu Tehnologiju Grupa AS41898",5
"LEASEWEB-USA-SEA-10 AS396190",5
"Visual Online S.A. AS9008",5
"MVPS LTD AS202448",5
"ATM S.A. AS15694",5
"Planet Service SARL AS61168",5
"Quickport OU AS204072",5
"RAMNODE AS3842",5
"KPN Internedservices B.V. AS15879",5
"NETACTUATE AS36236",5
"Bittiguru Oy AS201166",5
"DEDIPATH-LLC AS35913",5
"TOTAL-SERVER-SOLUTIONS AS46562",5
"Internet Corporated Networks Ltd. AS49699",5
"RCS & RDS AS8708",5
"Megagroup.ru LLC AS60357",5
"Telia Company AB AS1299",5
"Hostinger International Limited AS204915",5
"root SA AS5577",5
"Rusonyx, Ltd. AS205952",4
"undefined AS40676",4
"AS-TIERP-36024 AS36024",4
"ZNET AS21859",4
"Korea Telecom AS4766",4
"Globalconnect As AS2116",4
"Data Bank Group UAB AS201959",4
"Cygate AB AS197308",4
"NMMN New Media Markets & Networks IT-Services GmbH AS20694",4
"ORACLE-BMC-31898 AS31898",4
"LINZ STROM GAS WAERME GmbH fuer Energiedienstleistungen und Telekommunikation AS35369",4
"Jonas Pasche AS205766",4
"Vodafone Spain AS12357",4
"RackForest Kft. AS62214",4
"Nord Connect OU AS44929",4
"Yegon, s.r.o. AS48689",4
"Smartlink Ltd. AS43881",4
"Internet Border Technologies AB AS41175",4
"SIA Baltcom AS20910",4
"SHOCK-1 AS395092",4
"PUBLIC-DOMAIN-REGISTRY AS394695",4
"WorldStream B.V. AS49981",4
"ServerHouse Ltd AS21472",4
"DoclerWeb Informatikai Kft. AS47381",4
"Eesti Haigekassa AS203021",4
"Xs4all Internet BV AS3265",4
"HAWKHOST AS20068",4
"Suomi Communications Oy AS16302",4
"Telenor Norge AS AS2119",4
"Proact IT Latvia, SIA AS204427",4
"Information System Authority AS56588",4
"Chernyshov Aleksandr Aleksandrovich AS202984",4
"SonderCloud Limited AS133199",4
"noris network AG AS12337",4
"SAKURA Internet Inc. AS9371",4
"Infomaniak Network SA AS29222",4
"CHINA UNICOM China169 Backbone AS4837",4
"Festo AG & Co. KG AS41700",4
"WEDOS Internet, a.s. AS197019",4
"SEEWEB s.r.l. AS12637",4
"Avency GmbH AS12371",4
"INTERNET CZ, a.s. AS24806",4
"Tele2 SWIPnet AS3246",4
"Host Europe GmbH AS20773",4
"Pulsant (Scotland) Ltd AS12703",4
"Cloud Center Finland Oy AS41993",4
"Reisenbauer Holding OUE AS39259",4
"AS SEB Pank AS43682",4
"Gigabitbank Global AS136933",4
"Crescom Oy AS51188",4
"Global Layer B.V. AS49453",4
"IOFLOOD AS53755",4
"Knipp Medien und Kommunikation GmbH AS8391",4
"Pixel X e.K. AS60380",4
"H88 S.A. AS34360",4
"SIA AnaDana AS5528",4
"APPLE-ENGINEERING AS714",4
"Hostline, Uab AS198651",3
"Cloud Networks SIA AS44624",3
"OMCnet Internet Service GmbH AS15388",3
"1984 ehf AS44925",3
"ADVAN-CAST AS36344",3
"Telefonbuch Verlag Hans Mueller GmbH & Co. KG AS12655",3
"DIMENOC AS33182",3
"Claranet Ltd AS8426",3
"AS-30083-GO-DADDY-COM-LLC AS30083",3
"UGB Hosting OU AS206485",3
"Milan Paessler AS207921",3
"Server Plan S.r.l. AS52030",3
"Telia Latvija SIA AS47570",3
"Oktawave Sp. z o.o. AS42503",3
"DEFENSE-NET AS55002",3
"Citynet OU AS43883",3
"LINE Corporation AS38631",3
"Ledl.net GmbH AS25575",3
"Profitbricks GmbH AS51862",3
"Guochao Group limited AS132742",3
"HOSTISERVER AS32338",3
"Axians AB AS20514",3
"T-Systems International GmbH AS6878",3
"QUICKPACKET AS46261",3
"SYNERGY WHOLESALE PTY LTD AS45638",3
"TWL-Kom GmbH AS9022",3
"meerfarbig GmbH & Co. KG AS34549",3
"Sparkinit S.r.l. AS39825",3
"senseLAN GmbH AS31736",3
"RMH-14 AS33070",3
"COLT Technology Services Group Limited AS8220",3
"Bahnhof AB AS8473",3
"Studio Moderna d.o.o. AS43854",3
"CONFLUENCE-NETWORK-INC AS40034",3
"SPX SIA AS42936",3
"Telemach d.o.o. AS41828",3
"Top Connect Ou AS42300",3
"Daimler AG AS31399",3
"Greysom Limited AS12678",3
"eTOP sp. z o.o. AS20853",3
"AS LHV Pank AS197611",3
"Ecritel SASU AS8304",3
"Fujitsu Invia Finland IP-network AS1342",3
"Virtono Networks SRL AS203523",3
"Adacor Hosting GmbH AS42442",3
"DataWeb Global Group B.V. AS39572",3
"Atea A/S AS21060",3
"Dreamscape Networks Limited AS38719",3
"LLC masterhost AS25532",3
"Previder B.V. AS20847",3
"Gyron Internet Ltd AS29017",3
"Ningbo Nanbian Tuoluo Xinxi Jishu Co., Ltd AS138538",3
"TOV Highload Systems AS34259",3
"PE Skurykhin Mukola Volodumurovuch AS56851",3
"KRKA, d.d.Novo mesto AS29015",3
"EuroQuest Oy Ltd AS45010",3
"Eesti Post AS AS201906",3
"Bayerische Motoren Werke Aktiengesellschaft AS8590",3
"SWITCH-LTD AS23005",3
"ZAO Hosting Telesystems AS31240",3
"Gigabit Hosting Sdn Bhd AS55720",3
"AVAYA AS18676",3
"LKW Walter Internationale Transportorganisation AG AS34735",3
"Pohjois-Hameen Puhelin Oy AS8829",3
"PlusServer GmbH AS6659",3
"EWE-Tel GmbH AS9145",3
"aiticon GmbH AS203968",3
"NEUSTAR-AS6 AS19905",3
"ecotel communication ag AS12312",2
"Cyso Group B.V. AS25151",2
"TNNet Oy AS30798",2
"IWACOM Sp. z o.o. AS41508",2
"Babiel GmbH AS198913",2
"FOP Kazakov Oleksandr Oleksandrovich AS45045",2
"GlobalConnect NN A/S AS31027",2
"WESTHOST AS29854",2
"manitu GmbH AS34240",2
"NTT-COMMUNICATIONS-2914 AS2914",2
"Elkdata (Telia Eesti AS AS3249)",2
"FNH media KG AS31197",2
"INGR-ASN AS6591",2
"CL-1379-14537 AS14537",2
"WIBO Baltic UAB AS59939",2
"Opin Kerfi hf AS48685",2
"Pelican Ict Bv AS35705",2
"iquer.net GmbH & Co KG AS201955",2
"Bredband2 AB AS29518",2
"sprint S.A. AS197226",2
"Teleone OU AS207568",2
"SAKURA Internet Inc. AS9370",2
"DOSARREST AS19324",2
"Netspider Group B.V. AS25542",2
"CARLSONWAGONLITTRAVEL AS63061",2
"comtrance GmbH AS30962",2
"HUAWEI CLOUDS AS136907",2
"RACKSPACE AS19994",2
"Limitis s.r.l. AS50178",2
"Keyweb AG AS31103",2
"Cybernetica AS AS208283",2
"NettiTieto Oy AS61177",2
"LIMESTONENETWORKS AS46475",2
"CJ2 Hosting B.V. AS39704",2
"Artnet Sp. z o.o. AS197155",2
"Softec S.P.A. AS15788",2
"Trans-IX B.V. AS30870",2
"1&1 Versatel Deutschland GmbH AS8881",2
"EntServ Deutschland GmbH AS6900",2
"O.m.c. Computers & Communications Ltd AS44709",2
"LLNW AS22822",2
"acens Technologies, S.L. AS16371",2
"True B.V. AS15703",2
"Ihor Hosting LLC AS35196",2
"NTT Communications Corporation AS4713",2
"DigiRock, Inc. AS37907",2
"Artfiles New Media GmbH AS8893",2
"EDNS AS16686",2
"VERIXI SA AS6696",2
"SpaceNet AG AS5539",2
"City Network Hosting AB AS42695",2
"Lomnido, s.r.o. AS61241",2
"Kinamo N.V. AS44806",2
"Rackhosting.com ApS AS31590",2
"AS Atea AS198379",2
"iCore Technology Sdn Bhd AS132198",2
"ANEXIA Internetdienstleistungs GmbH AS42473",2
"7heaven LLC AS15497",2
"uvensys GmbH AS58010",2
"VERSIA Ltd AS8285",2
"Sentia Netherlands BV AS8315",2
"Shenzhen Tencent Computer Systems Company Limited AS45090",2
"COMCAST-7922 AS7922",2
"INTEL-SC-AS AS4983",2
"MK Netzdienste GmbH & Co. KG AS25394",2
"Sedinkin Olexandr Valeriyovuch AS56485",2
"CNSV-LLC AS36454",2
"SERTEX SIA AS64421",2
"savana.cz s.r.o AS206566",2
"OU Metrotec AS61328",2
"CDK Global LLC AS206547",2
"Kamatera Inc AS41436",2
"Signet B.V. AS21155",2
"Orange AS3215",2
"Dial Telecom, a.s. AS29208",2
"Xeon LLC AS56864",2
"HK Kwaifong Group Limited AS133115",2
"A1 Telekom Austria AG AS8447",2
"Nessus GmbH AS47692",2
"Liquid Web B.V. AS201682",2
"Blacknight Internet Solutions Limited AS39122",2
"Host Europe GmbH AS35329",2
"Jsc ru-center AS39494",2
"Plus.line AG AS12306",2
"SKODA AUTO a.s. AS20708",2
"Telegrupp AS AS44839",2
"all-connect Data Communications GmbH AS21476",2
"EXEA Sp. z o.o. AS60713",2
"Vertixo BV AS59545",2
"ASN-QUADRANET-GLOBAL AS8100",2
"Elisa Oyj AS15527",2
"TRIVALENT-GROUP-NEW AS11491",2
"DEERE AS10846",2
"Dgn Teknoloji A.s. AS43260",2
"Jakobstadsnejdens Telefon Ab AS24751",2
"tkrz Stadtwerke GmbH AS42184",2
"ATT-INTERNET4 AS7018",2
"Maxihost LTDA AS262287",2
"BIT BV AS12859",2
"SIA MWTV AS44575",2
"Bezeq International AS8551",2
"Seonet Multimedia s.r.o. AS59925",2
"Jsc Balticom AS24651",2
"Web4U s.r.o. AS39790",2
"GTT Communications Inc. AS3257",2
"UAB Proservis AS56413",2
"UKDedicated LTD AS34282",2
"FELDSAM s.r.o. AS206712",2
"Cloudsigma Ag AS50837",2
"AS HELMES AS197289",2
"Alpha Domein Development LTD AS203297",2
"NDCHOST AS33322",2
"Bigbank AS AS204411",2
"TIER-NET AS397423",2
"REHAU AG + Co AS204138",2
"Accelerated IT Services & Consulting GmbH AS31400",2
"SavMAN AB AS28854",2
"DGC Access AB AS21195",2
"The Offices at Central World, 27th floor AS45530",2
"HASBRO AS32025",2
"Majordomo llc AS43362",2
"Netex Consulting SRL AS34353",2
"Duocast B.V. AS31477",2
"Mihos B.V AS200831",2
"Elogic Srl AS200760",2
"HOSTUS-SOLUTIONS-LLC AS25926",2
"TIMOCOM GmbH AS24909",2
"Zbridge Limited AS203298",2
"M-net Telekommunikations GmbH AS8767",2
"Netsons s.r.l. AS60087",2
"Toyota Motor Europe AS31154",2
"Forss Webservice AB AS43809",2
"WEHOSTWEBSITES-COM AS30475",2
"Technology Transfer Intercontinental S.R.L AS44567",2
"Unibet Services Limited AS47171",2
"Neoland SRL AS204089",2
"MATHWORKS AS11939",2
"Global Village GmbH AS13039",2
"Volvo Information Technology AB AS25252",2
"EDIS GmbH AS57169",2
"IHNetworks, LLC AS137870",2
"PE Freehost AS42331",2
"ADELI SAS AS43142",2
"Simply Transit Ltd AS29550",2
"NEXEON AS20278",2
"PEGTECHINC AS54600",2
"IHNET AS33494",2
"CGINET-01 AS18563",2
"bwin.party services (Austria) GmbH AS13008",2
"INETCLOUD Inc. AS50499",2
"Datapipe Europe Ltd AS24778",2
"Profihost AG AS34432",2
"Tellcom Iletisim Hizmetleri A.s. AS34984",2
"ZAYO-6461 AS6461",2
"managedhosting.de GmbH AS62310",2
"ILIGHT-NET AS1767",2
"Roca Sanitario, S.A. AS203404",2
"EGO INFORMATIKA d.o.o. AS208443",2
"K Media Tech Ltd. AS210250",2
"IRON-MOUNTAIN AS21549",2
"Bdl Systemes SAS AS38926",2
"LH.pl Sp. z o.o. AS203417",2
"SysEleven GmbH AS25291",2
"Yandex.Cloud LLC AS200350",2
"Webfleet Solutions Development Germany GmbH AS47518",2
"Astutium Limited AS29527",2
"SigmaNet Szolgaltato es Kereskedelm Ltd AS42964",2
"Xtra Telecom S.A. AS15704",2
"Coop Pank AS AS208834",2
"Zomro B.V. AS204601",1
"BAWAG P.S.K. Bank fuer Arbeit und Wirtschaft und Oesterreichische Postsparkasse Aktiengesell AS52220",1
"genesys informatica srl AS24994",1
"CPQ-ALF-IOMC AS11680",1
"MTF Swiss Cloud AG AS20988",1
"SERVERSTACK-ASN AS46652",1
"Oitis Com Oy AS207729",1
"Irish Government AS15806",1
"AB City Service AS34842",1
"Rusonyx, Ltd. AS41535",1
"UAB ESNET AS61053",1
"Uniserver Internet B.V. AS31673",1
"Webland AB AS48093",1
"MULTA-ASN1 AS35916",1
"PAIR-NETWORKS AS7859",1
"Zabec.net d.o.o. AS60435",1
"Hong Kong FireLine Network LTD AS136950",1
"active 1 GmbH AS197071",1
"CJSC DataForce IP AS8515",1
"Mail.Ru LLC AS47764",1
"Akenes SA AS61098",1
"KAMP Netzwerkdienste GmbH AS8648",1
"T-Mobile Czech Republic a.s. AS12767",1
"TIGERTECH AS47002",1
"Hillside (Technology) Ltd AS34587",1
"Vevida bv AS199835",1
"undefined AS27311",1
"Drutex S.A. AS56609",1
"Tlap s.r.o. AS206548",1
"Connected sp. z o. o. AS49102",1
"Atea Finland Oy AS42540",1
"COGENT-174 AS174",1
"Netvillage Ltd. AS44571",1
"Sofor Oy AS41242",1
"MASTER-7-AS AS26380",1
"Foxcloud Llp AS200904",1
"Makolab S.A. AS42194",1
"GO-DADDY-COM-LLC AS398108",1
"iPlace Internet & Network Services GmbH AS29545",1
"NTS workspace AG AS15576",1
"Mba Datacenters S.l. AS43578",1
"RedBridge AB AS60094",1
"EuroByte LLC AS210079",1
"GNET Internet Telekomunikasyon A.S. AS42846",1
"CDR SIA AS51347",1
"Vorguvara AS AS199800",1
"GEARHOST AS40728",1
"Elitel Ltd. AS56689",1
"Enterprise Cloud Ltd. AS48096",1
"MICROSOFT-CORP-MSN-AS-BLOCK AS8068",1
"Talex S.A. AS39599",1
"Nexthop AS AS49788",1
"EATON-CORPORATION AS11719",1
"Comvive Servidores S.L. AS39020",1
"ICM Netsystems 2005 SL AS197876",1
"Vaggeryds Energi AB AS48904",1
"i-Wet Ltd. AS29122",1
"CISCOSYSTEMS AS109",1
"Latvijas Finieris A/S AS43956",1
"BENTELER Business Services GmbH AS47826",1
"Huawei Cloud Service data center AS55990",1
"Host Europe GmbH AS29066",1
"Virgin Media Limited AS5089",1
"OOO VPS AS200487",1
"Delta Telecom Ltd AS29049",1
"Stardoll AB AS47287",1
"Leitwerk Ag AS15894",1
"Jsc ru-center AS47385",1
"LinQhost B.V. AS59791",1
"Noisy Stream Oy AS51311",1
"dogado GmbH AS45031",1
"RCC-GRANITE-1 AS54412",1
"Sca Forestproducts Ab AS60238",1
"Powerhosting Aps AS60422",1
"D-Link Trade Ltd. AS200503",1
"KMB1 AS13567",1
"Bruetsch Rueegger AG AS34532",1
"Optimus IT d.o.o. AS48894",1
"Freethought Internet Limited AS41000",1
"Chroot Network SRL AS56430",1
"Eurafibre SAS AS35625",1
"Cygrids Communications AB AS34941",1
"AIRSTREAMCOMM-NET AS11796",1
"Node4 Limited AS31727",1
"Netrouting AS47869",1
"Flex Ltd. AS21453",1
"UUNET AS701",1
"SunnyVision Limited AS38478",1
"DTS Systeme GmbH AS8879",1
"UAB Duomenu logistikos centras AS201201",1
"GEMIUS SA AS197431",1
"HAVAS-USA-E-DC AS393871",1
"JSC Macomnet AS8470",1
"LG POWERCOMM AS17858",1
"PPP Internetdienstleistungen GmbH AS8687",1
"DoubleGIS LLC AS197482",1
"skHosting.eu s.r.o. AS201702",1
"webgo GmbH AS48324",1
"GENERAL-MOTORS-CORPORATION AS30383",1
"Hosteur Sarl AS204818",1
"EZIT Kft. AS62292",1
"Pars Online PJS AS60976",1
"itaito oy AS50377",1
"hosttech GmbH AS207143",1
"Telepoint Ltd AS31083",1
"HOSTCOLLECTIVE AS14415",1
"SOK, SIA AS207066",1
"Latvijas Mobilais Telefons SIA AS24921",1
"KIT Finance (JSC) AS30952",1
"GO-DADDY-COM-LLC AS398101",1
"Antagonist B.V. AS51696",1
"TPG Telecom Limited AS7545",1
"Junet AB AS59702",1
"NPF SOFTVIDEO Ltd. AS57712",1
"Ellos AB AS199215",1
"TerraHost AS AS56655",1
"Flokinet Ltd AS200651",1
"GREE, Inc. AS55394",1
"First Ukrainian Internet Registrar LLC AS41550",1
"LLC Server v arendy AS49335",1
"KarnIT AB AS209041",1
"smcc.net GmbH AS203015",1
"DIGIKEY AS14738",1
"EASYHOST SOLUTION LIMITED AS58451",1
"LUMOS AS7795",1
"Ansluten Hosting i Sverige AB AS201983",1
"Orange Polska Spolka Akcyjna AS5617",1
"AS-TIERP-7349 AS7349",1
"DELL-BLK AS3614",1
"Digiweb ltd AS31122",1
"Ikoula Net SAS AS21409",1
"FIBER-LOGIC AS21887",1
"Claas KGaA mbH AS208868",1
"British Telecommunications PLC AS6871",1
"DELFI UAB AS210126",1
"The Federal State Unitary Enterprise Russian Agency of the International Information RIA Nov AS44479",1
"CEWE Stiftung & Co. KGaA AS49494",1
"PODA a.s. AS30764",1
"Telia Company AB AS9167",1
"Exa Bytes Network Sdn.Bhd. AS46015",1
"Progressive A/S AS42903",1
"PE Rivtin Maxim Leoniovich AS57167",1
"Adman LLC AS57494",1
"Radore Veri Merkezi Hizmetleri A.S. AS42926",1
"Advania Island ehf AS50613",1
"iWelt AG AS29624",1
"HostSlim B.V. AS207083",1
"Iksir Internet Hizmetleri A.S. AS206991",1
"CloudITIDC Global AS133441",1
"Nine Internet Solutions AG AS29691",1
"NetCologne Gesellschaft fur Telekommunikation mbH AS8422",1
"Nte Marked As AS34087",1
"TWC-20001-PACWEST AS20001",1
"DNS:NET Internet Service GmbH AS15366",1
"Bilendi Technology SARL AS51664",1
"Phibee Telecom SAS AS8487",1
"Hosting.de GmbH AS12574",1
"Sentia Denmark A/S AS199213",1
"Comfortel Ltd. AS56534",1
"MEWA Textil-Service AG & Co. Management OHG AS200703",1
"UAB Nacionalinis Telekomunikaciju Tinklas AS33922",1
"JSC Kazakhtelecom AS9198",1
"Antbox Network AS138995",1
"COV-HC AS26363",1
"Cloud Management LLC AS42960",1
"Bayer Business Services GmbH AS13043",1
"ConnectingBytes GmbH AS34568",1
"virtuaal.com (CITIC Telecom CPC Netherlands B.V. AS3327)",1
"Timber Hill (Europe) AG AS9096",1
"HOSTWINDS AS54290",1
"A1 Telekom Austria AG AS8562",1
"KONTENT GmbH AS24973",1
"Origo hf AS29689",1
"lopnet AB AS201146",1
"HURRICANE AS6939",1
"Vodafone Enterprise U.K. AS25310",1
"Fiat Information Technology, Excellence and Methods S.p.A. AS24771",1
"IT.Gate S.p.A. AS12779",1
"HOST4GEEKS-LLC AS393960",1
"OJSC Comcor AS8732",1
"Extraordinary Managed Services Ltd AS30827",1
"Get-Net LLC AS196691",1
"Ownit AB AS33885",1
"Habr Europe OU AS204671",1
"China Unicom Beijing Province Network AS4808",1
"Netinternet Bilisim Teknolojileri AS AS51559",1
"DATAPIPE AS14492",1
"Support-IT Network ApS AS50346",1
"WLW AS12531",1
"Ballou Internet Services AB AS29024",1
"MTV Networks Europe AS31474",1
"Jobs.bg Ltd AS49737",1
"Grid Group OU AS208421",1
"Verizon Nederland B.V. AS2830",1
"Richemont International SA AS25275",1
"NetConnex Broadband Ltd. AS21396",1
"net-lab GmbH AS20755",1
"SWAN, a.s. AS5578",1
"ESO TV Kft. AS48893",1
"China Mobile communications corporation AS56046",1
"Atlantic.Net, INC. AS59764",1
"IMAQLIQ SERVICE Ltd AS12555",1
"rh-tec Business GmbH AS25560",1
"LLC Nauka-Svyaz AS8641",1
"CENTURYLINK-LEGACY-SAVVIS AS3561",1
"IPV6 Internet Ltda AS28299",1
"SHCS AS11555",1
"Fast4networks Ltd AS48825",1
"Zbridge Limited AS203300",1
"Utransit International Carrier Limited AS30943",1
"Sunrise Communications AG AS6730",1
"UDomain Web Hosting Company Ltd AS23881",1
"SAP-HYBRIS-WA1 AS397464",1
"Penki Kontinentai, Ltd. AS12539",1
"SSASN2 AS20454",1
"GrECo International Holding AG AS31702",1
"Fouredge AB AS48220",1
"Telia Company AB AS3308",1
"Netsite A/S AS205206",1
"DOKOM Gesellschaft fuer Telekommunikation mbH AS15763",1
"Embriq AS AS199791",1
"CANCOM Managed Services GmbH AS8469",1
"GHOSTnet GmbH AS12586",1
"Konkurent LLC AS34495",1
"Sentia Denmark Services 6 A/S AS16245",1
"Quanzhou AS133776",1
"Equinix (Germany) GmbH AS24989",1
"GOOGLE-FIBER AS16591",1
"Netlink Sp. z o o AS34324",1
"hotze.com GmbH AS8596",1
"Uzdaroji akcine bendrove EOLTAS AS60121",1
"Oxya FRANCE SA AS57348",1
"Netronics Harald Heinzel e.U. AS200098",1
"GBC Internet Center GmbH AS24766",1
"Otaverkko Oy AS12630",1
"CGI Suomi Oy AS24713",1
"Fishnet Communications LLC AS43317",1
"Altibox AS AS29695",1
"Ifolor AG AS43127",1
"Limited Liability Company KNOPP AS6719",1
"ComSource s.r.o. AS199803",1
"Locaweb Servicos de Internet S/A AS27715",1
"EVRY Sweden AB AS34950",1
"NedZone Internet BV AS25459",1
"Kapsch BusinessCom AG AS21362",1
"Awareness Software Limited AS34931",1
"Cizgi Telekomunikasyon Anonim Sirketi AS34619",1
"Next Layer Telekommunikationsdienstleistungs- und Beratungs GmbH AS1764",1
"LDSCHURCH1 AS19648",1
"CDM AS6428",1
"UPCLOUDUSA AS25697",1
"IPAX OG AS44133",1
"Unitary enterprise A1 AS42772",1
"NETSEC AS45753",1
"PERFTECH, podjetje za proizvodnjo in uvajanje novih tehnologij, d.o.o. AS6764",1
"Perspectiva Ltd. AS41733",1
"Liteserver Holding B.V. AS60404",1
"WNET AS1820",1
"ACP AS35893",1
"TTS Tooltechnic Systems AG & Co. KG AS197365",1
"AS number for New World Telephone Ltd. AS17444",1
"PJSC Ukrtelecom AS6849",1
"ILAND AS14127",1
"Varnamo Energi AB AS31642",1
"Infra Blocks B.V. AS38913",1
"Engineering D.HUB S.p.A. AS21176",1
"ConnetU Ltd. AS51945",1
"WILLUX.be N.V. AS39641",1
"Lonza AG AS51817",1
"Viking Host B.V. AS48684",1
"DataClub S.A. AS52048",1
"GENMILLS AS20478",1
"Artnet Sp. z o.o. AS200088",1
"PVimpelCom AS8402",1
"GVO AS46549",1
"Dr. Ing. h.c. F. Porsche AG AS33848",1
"CSL Computer Service Langenbach GmbH AS5517",1
"GANDI SAS AS203476",1
"Swedbank AB AS59807",1
"GRIDFURY-AS AS40630",1
"Bluerange Technologies AB AS56711",1
"Alastyr Telekomunikasyon A.S. AS3188",1
"gridscale GmbH AS29423",1
"DLX A/S AS47527",1
"HR2 AS46340",1
"UAB Technologiju ir inovaciju centras AS24607",1
"LVLT-10753 AS10753",1
"Rendszerinformatika Zrt. AS206892",1
"Securitydam Ltd AS198949",1
"Leaseweb Asia Pacific pte. ltd. AS59253",1
"FEDERAL-ONLINE-GROUP-LLC AS395776",1
"Intermax BV AS24586",1
"T-Systems International GmbH AS34086",1
"Mihaila N Valentin-eugen Pfa AS41732",1
"Aspectra AG AS9100",1
"100 Percent It Limited AS20915",1
"Scania CV AB AS202116",1
"EVRY Sweden AB AS25473",1
"AVON AS27263",1
"LINKEDIN AS14413",1
"Aerotek Bilisim Sanayi ve Ticaret AS AS42807",1
"CM.com N.V. AS15447",1
"Host Europe GmbH AS20738",1
"Droptop GmbH AS201206",1
"NovaTrend Services GmbH AS35206",1
"KEYSIGHT-TECHNOLOGIES AS395266",1
"CSC Telecom, UAB AS24645",1
"ARTERIA Networks Corporation AS2519",1
"SamsungSDS Inc. AS6619",1
"Beelastic AG AS42336",1
"China Telecom (Group) AS4816",1
"UBIMET GmbH AS209571",1
"Sia Nano IT AS48496",1
"WOW AS23033",1
"ANT-CLOUD AS62587",1
"Blix Solutions AS AS50304",1
"IXX IT-Partner AB AS198054",1
"terralink networks GmbH AS59507",1
"Julius Blum GmbH AS197964",1
"EDGE-HOSTING AS22903",1
"ASN-KODAK AS5647",1
"H88 S.A. AS43758",1
"Evry Norge As AS13243",1
"LLC LitRes AS61306",1
"PRO-9 SIA AS50731",1
"ANITE TRAVEL Ltd AS49868",1
"Ordipat SAS AS16101",1
"Sandviken Energi AB AS20626",1
"Volkswagen AG AS206618",1
"Travel Communication SIA AS205680",1
"Audi AG AS12331",1
"Domain names registrar REG.RU, Ltd AS43146",1
"Allianz Technology SE AS15580",1
"GORILLASERVERS AS53850",1
"Init7 (Switzerland) Ltd. AS13030",1
"Fbs Bilisim Cozumleri Tic Ltd Sti. AS51557",1
"Ukfast.net Limited AS61323",1
"interneX GmbH AS44453",1
"G-Core Labs S.A. AS199524",1
"HK UNITE TELECOMMUNICATIONS DEVELOPMENT LIMITED AS24009",1
"LightStorm Communications s.r.o. AS42005",1
"AS Eesti Loto AS209587",1
"O2 Czech Republic, a.s. AS5610",1
"LinkChina Telecom Global Limited. AS135386",1
"HITME.PL AS50840",1
"ASN-DCS-01 AS23338",1
"PROMEGA AS16568",1
"YANDEX LLC AS13238",1
"Start LLC AS61400",1
"NIPA TECHNOLOGY CO., LTD AS45328",1
"Micron21 Datacentre Pty Ltd AS38880",1
"Tangram Canada Inc AS198972",1
"ADESTIS GmbH AS204053",1
"DACEN-2 AS31863",1
"LiveSport s.r.o. AS52130",1
"The Hut.com Limited AS197651",1
"Rackfish AB AS49232",1
"BearCom AB AS197603",1
"FiberXpress BV AS57717",1
"PlusServer GmbH AS5521",1
"OSN Online Service Nuernberg GmbH AS8859",1
"TMT GmbH & Co. KG AS16316",1
"Liberty Global B.V. AS6830",1
"I.T.E.N.O.S. International Telecom Network Operation Services GmbH AS33808",1
"China Unicom Guangzhou network AS17622",1
"Network-Transit AS64021",1
"CHINANET Guangdong province network AS58466",1
"A1 Telekom Austria AG AS1901",1
"proinity GmbH AS44239",1
"Telecom Italia AS20746",1
"10dencehispahard, S.L. AS197712",1
"Heinlein-Support GmbH AS199118",1
"RACKSPACE AS27357",1
"National Audit Office of Estonia AS31081",1
"Host SpA AS47242",1
"Servicos De Comunicacoes E Multimedia S.A. AS3243",1
"FUTUREQUEST-INC AS22915",1
"global Web Group LLC AS203703",1
"Vodafone Libertel B.V. AS33915",1
"MEMSET Ltd AS50957",1
"IBM-EI AS16807",1
"GE-MS001 AS30560",1
"SHOPEE SINGAPORE PRIVATE LIMITED AS138341",1
"ARTERIA Networks Corporation AS17506",1
"Aixit GmbH AS29551",1
"ESRI AS10411",1
"Veridyen Bilisim Teknolojileri Sanayi ve Ticaret Limited Sirketi AS209853",1
"VOXEL-DOT-NET AS29791",1
"Fuzhou AS133774",1
"SOPRADO GmbH AS20546",1
"InterNAP Network Services U.K. Limited AS48910",1
"Axis Communications AB AS39731",1
"SiteHost New Zealand AS45179",1
"Academic Computer Centre CYFRONET AGH AS8323",1
"OOO Taxtelecom AS57503",1
"It Relation As AS62319",1
"Fill Ltd. AS198966",1
"SC Lithuanian Radio and TV Center AS15419",1
"DB Systel GmbH AS25325",1
"Basefarm AS AS25148",1
"Afrihost AS37611",1
"WUCHICAGO AS16744",1
"RECONN LLC AS12722",1
"HIGHWINDS2 AS33438",1
"MERCK AS7054",1
"UAB Blue Bridge AS42774",1
"TURNKEY-INTERNET AS40244",1
"Internet Names for Business AS9115",1
"Infinity Telecom SRL AS56654",1
"Netia SA AS12741",1
"INFORENT GmbH AS21336",1
"EMC-AS12257 AS12257",1
"Mdc Datacenter S.L. AS43160",1
"Register S.p.A. AS203461",1
"Skanska IT Nordic Sweden AB AS39052",1
"Business & Decision Interactive Eolas SRL AS15401",1
"Net-Build GmbH AS38927",1
"Open Line BV AS50399",1
"Datacamp Limited AS60068",1
"Jaguar Network SAS AS30781",1
"4D Data Centres Limited AS31463",1
"24.hk global BGP AS24000",1
"Societe Air France S.A. AS198340",1
"Marcin Waligorski Greener AS48707",1
"intersaar GmbH AS12941",1
"Lounea Palvelut Oy AS49826",1
"LANWorld Finland Oy AS34384",1
"BT France AS5436",1
"DirectVPS B.V. AS29028",1
"Ifinet Srl AS24817",1
"KPN B.V. AS1136",1
"KEVAG Telekom GmbH AS12360",1
"Tripnet AB AS34385",1
"Visma IT & Communications AS AS61213",1
"Koninklijke Luchtvaart Maatschappij N.V. AS28806",1
"IPHH Internet Port Hamburg GmbH AS12731",1
"Inter.Net Germany AS34171",1
"Ip Server LLC AS44812",1
"HTTPool d.o.o. AS8558",1
"UAB Airnet AS197225",1
"JSC RetnNet AS29470",1
"STUDENT AGENCY k.s. AS200844",1
"Aussie Broadband AS4764",1
"Benders Sverige AB AS62116",1
"akquinet outsourcing gGmbH AS35258",1
"IPB Internet Provider in Berlin GmbH AS20647",1
"Grupo Loading Systems, S.L. AS198066",1
"CETI s.c. AS15541",1
"Haefele GmbH & Co KG AS57607",1
"Sentia Netherlands BV AS25525",1
"DTTS-ASN AS26342",1
"Kakao Corp AS38099",1
"EWE-Tel GmbH AS9066",1
"C&A Services GmbH & Co. OHG AS28961",1
"AltusHost B.V. AS51430",1
"LLC RuWeb AS49189",1
"Deninet KFT AS29278",1
"Banque De Luxembourg SA AS20501",1
"OSSO B.V. AS43366",1
"FASTNET SpA AS8265",1
"HostUS AS7489",1
"SUCURI-SEC AS30148",1
"HyperOps UAB AS59821",1
"AGORA CALYCE SpAS AS47833",1
"Griffel AB AS47467",1
"SYN LTD AS58305",1
"Net IT Internet Solutions in Sweden AB AS34133",1
"Relink LTD AS56577",1
"Zen Systems A/S AS28717",1
"Magna Capax Finland Oy AS203003",1
"So-net Entertainment Corporation AS2527",1
"TROWE-NET AS6566",1
"ABB Schweiz AG AS20868",1
"Irideos S.p.A. AS5602",1
"Synotio AB AS203605",1
"ActiveHost RU LLC AS51698",1
"Efigence S.A. AS43091",1
"Netlogic doo AS57595",1
"Netlab AS35251",1
"ACC Distribution UAB AS42887",1
"Cloud City Oy AS202509",1
"SpectraIP B.V. AS62068",1
"Serveroid, LLC AS199274",1
"Basic Net SpA AS13060",1
"AMERICAN-EXPRESS AS6307",1
"DHH.si d.o.o. AS43128",1
"RELIABLESITE AS23470",1
"Wirehive Limited AS56730",1
"START AS40788",1
"FRONTIER-FRTR AS5650",1
"Abazarhaye Farsi Shabakeh (Persian Tools) Co.,LTD. AS57687",1
"Made Network Srl AS13182",1
"TUNISIANA AS37693",1
"TT-Travel LLC AS59935",1
"QUANTILNETWORKS AS54994",1
"NETMINDERS AS7040",1
"DDOS-GUARD CORP. AS262254",1
"trivago N.V. AS198018",1
"Filoo GmbH AS47215",1
"punkt.de GmbH AS16188",1
"IP-Connect AB AS200134",1
"onepagefree.com (Aktsiaselts WaveCom AS34702)",1
"UK Dedicated Servers Limited AS42831",1
"Soluciones web on line s.l. AS201446",1
"3S S.A. AS31242",1
"Planet Service Srl AS5382",1
"Grundfos Holding A/s AS31131",1
"Tele Columbus AG AS35244",1
"Rosbusinessconsulting Jsc AS20848",1
"FACEBOOK AS32934",1
"ETES GmbH AS205890",1
"JSC Mediasoft ekspert AS48347",1
"arcos informationssysteme GmbH AS41504",1
"WIKIMEDIA AS14907",1
"Evonik Industries AG AS12422",1
"Icewood LLC AS201119",1
"BT Italia S.p.A. AS3313",1
"Capgemini Finland Oy AS41701",1
"EveryWare AG AS24951",1
"Danfoss A/S AS12834",1
"Den Danske Bank A/S AS12483",1
"Rostelecom AS42610",1
"Unic AG AS50262",1
"Magticom Ltd. AS16010",1
"DAVITTACLINK AS33186",1
"RENDER AS397273",1
"Umdasch AG AS3201",1
"Digital Frankfurt GmbH AS48152",1
"SWIFTWILL2 AS30361",1
"Invitech ICT Services Kft. AS12301",1
"Icelandair ehf AS202030",1
